Sl.No,id,name,salary,start_date,department
2,2005002,Bruce Wayne,80000,01-01-2005,Executive
6,2006001,Arthur Curry,30000,03-05-2006,Catering
7,2007001,Oliver Queen,80000,01-10-2007,Executive
11,2007005,Tony Stark,90000,15-11-2007,Executive
12,2007006,Steve Rogers,25000,15-11-2007,Sports
14,2008001,Clint Barton,40000,02-02-2008,IT
15,2008002,Bruce Banner,30000,02-02-2008,R&D
16,2008003,Reed Richards,35000,02-02-2008,R&D
17,2008004,Ellie Satler,40000,15-02-2008,R&D
18,2008005,John Hammond,90000,01-05-2008,Executive
19,2008006,Ian Malcolm,60000,01-05-2008,Accounts
20,2008007,Alan Grant,60000,01-05-2008,R&D
